iter	Logloss
0	0.6155995479
1	0.5476126119
2	0.4914129348
3	0.4538457442
4	0.4220425093
5	0.394234534
6	0.3706639867
7	0.3490097669
8	0.3284755369
9	0.3092851704
10	0.2985463824
11	0.2822864818
12	0.2729811636
13	0.2649135979
14	0.2556786829
15	0.2488482209
16	0.2432819808
17	0.2337727449
18	0.2283036368
19	0.2222019637
20	0.2173609442
21	0.211253004
22	0.2034444225
23	0.1994994806
24	0.1942846856
25	0.1880685845
26	0.1844667188
27	0.1793704909
28	0.175420826
29	0.1732344076
